Customer_ID,Policy_ID,Policy_Amount,Premium_Amount,Premium_Amount_Paid_Till_Date
59782.0,,925189.0,14283.0,01/01/70
94374.0,8283.0,564012.0,22119.0,01 Jan 1970
,200.0,833968.0,,01 Jan 1970  
77992.0,18819.0,897819.0,34178.0,Jan 01 1970  
78092.0,4623.0,110334.0,17302.0,01 Jan 1970
15105.0,9658.0,883068.0,27137.0,01-01-1970
33040.0,2809.0,432102.0,24409.0,01-01-1970
35304.0,14082.0,424875.0,45284.0,01/01/70
88486.0,14926.0,795167.0,24612.0,01 Jan 1970  
95660.0,6190.0,774442.0,23168.0,01 Jan 1970
93513.0 INR,19506.0,585164.0,49491.0,
54344.0,3630.0,922149.0,39355.0,1970/01/01
17468.0,4914.0,585164.0,49491.0,01-01-1970
13156.0,11406.0,297637.0 INR,42650.0,1970/01/01
17282.0,4046.0 INR,329737.0,40690.0,1970/01/01
34108.0,11553.0 INR,211669.0,19697.0,01-01-1970  
,10861.0,,49538.0,01/01/70
39626.0,11698.0,832133.0,43864.0 INR,Jan 01 1970
30236.0,16361.0,507263.0,12358.0,
84434.0,747.0,360284.0,34642.0,
44307.0,6828.0,944848.0,35118.0,1970/01/01
43113.0,14775.0,988439.0,15373.0,Jan 01 1970
33489.0,10046.0,539659.0,47130.0,Jan 01 1970
99842.0 INR,17868.0,168341.0,15717.0,01/01/70
86030.0,15213.0,375185.0,30910.0,01/01/70
345.0,3921.0,977594.0,34750.0,Jan 01 1970
1153.0,7980.0,488837.0,12930.0,Jan 01 1970
86819.0 INR,2163.0,520017.0,45724.0,Jan 01 1970
81510.0 INR,908.0,103425.0,14361.0,01 Jan 1970
22254.0,19211.0,103425.0,14361.0,01-01-1970
89248.0,10327.0,679761.0,31046.0,01 Jan 1970
71984.0,13159.0,733257.0,42463.0,01 Jan 1970
71364.0,19585.0,606250.0,42838.0,Jan 01 1970
84425.0,16004.0,450267.0,40165.0,1970/01/01
8054.0,8030.0 INR,932143.0,43063.0,01-01-1970
11577.0,7154.0,470985.0,36001.0,01-01-1970  
24610.0,13046.0,197716.0,35158.0,01-01-1970
25651.0,18918.0 INR,632214.0,35421.0,01/01/70
20660.0,7884.0,790474.0,45912.0,01-01-1970
1512.0,,893315.0,35080.0,01 Jan 1970
56241.0,9428.0 INR,679761.0,31046.0,01 Jan 1970
2189.0,,484402.0,27030.0,01/01/70
91047.0,1792.0,635926.0,11560.0,Jan 01 1970
1033.0,2342.0,373159.0,36307.0,1970/01/01
81205.0,,114901.0,38147.0,01-01-1970  
,6144.0 INR,107322.0 INR,26493.0,Jan 01 1970
63118.0,19756.0 INR,252465.0,14456.0,Jan 01 1970
32139.0,9092.0,355512.0,41482.0,1970/01/01
55611.0,2192.0,507923.0,46749.0,01/01/70
64975.0,10391.0 INR,200331.0,26134.0,1970/01/01
46261.0,19224.0,927942.0,44336.0,01-01-1970
,,854914.0,35465.0,01/01/70
84720.0,13022.0,805284.0,42340.0,1970/01/01
65738.0,6469.0,790308.0,36049.0,Jan 01 1970
5016.0,16097.0,830706.0,34585.0,01 Jan 1970
69250.0 INR,9327.0,941214.0,29334.0,01 Jan 1970
5135.0,11497.0,474023.0,23304.0 INR,Jan 01 1970
99924.0,15856.0,804441.0,15557.0,01-01-1970
14363.0,4459.0,360284.0,34642.0,01-01-1970
56244.0,10471.0,520017.0,45724.0,1970/01/01
5026.0,16832.0,970791.0,40520.0,01/01/70
,782.0,895302.0,29077.0,Jan 01 1970
77042.0,68.0,748322.0,36848.0,01-01-1970
57675.0,14667.0,813404.0,43094.0,Jan 01 1970
25648.0,19166.0,122508.0,10568.0 INR,1970/01/01  
56724.0,14145.0,,17993.0,
97819.0,,,15863.0,01 jan 1970
,19362.0,675092.0,35884.0,01 Jan 1970
9530.0,7597.0,120191.0,43439.0,01/01/70
82591.0,4363.0,629016.0 INR,13725.0,1970/01/01
81182.0,5169.0,604618.0,28238.0 INR,Jan 01 1970
24862.0,4414.0,218877.0,39575.0,01 Jan 1970
96030.0,12205.0,591852.0,20217.0,1970/01/01
92625.0,10551.0 INR,453913.0,12651.0 INR,1970/01/01
93763.0,11982.0 INR,122508.0,10568.0,01 Jan 1970
14086.0,18811.0,181918.0,49206.0,01-01-1970
90109.0,11803.0,334488.0 INR,24349.0,01 Jan 1970
51913.0,1707.0 INR,464488.0,41236.0,Jan 01 1970
65551.0,14658.0 INR,638322.0 INR,14757.0,
,17779.0,468852.0,45242.0 INR,01-01-1970
2609.0 INR,9414.0,172236.0,21615.0 INR,01 Jan 1970
49741.0,673.0,674555.0,40818.0 INR,01 Jan 1970
52651.0,4891.0,977353.0,38342.0,1970/01/01
95429.0,19003.0,360284.0,34642.0,jan 01 1970
64592.0,7345.0,849662.0 INR,29049.0,Jan 01 1970
72622.0,17164.0 INR,186994.0,26081.0,01 Jan 1970
74010.0 INR,4884.0,676850.0,11668.0,01/01/70
20130.0,14678.0,707408.0,25679.0,01 Jan 1970
8833.0 INR,1267.0,267575.0,19962.0,01-01-1970
2271.0,16495.0,339192.0 INR,48484.0,01/01/70  
68542.0,7441.0,213927.0,45574.0,01/01/70
55012.0,17757.0 INR,734148.0 INR,45147.0,
93889.0,13813.0,475508.0,41486.0,01-01-1970
88804.0,10531.0,570726.0,18264.0,1970/01/01
63380.0,,884407.0,25575.0,Jan 01 1970
55644.0,17791.0,633506.0,17439.0,01/01/70
17446.0,19983.0,187669.0,14417.0,1970/01/01
30531.0,14477.0,171046.0 INR,33100.0,01-01-1970
98701.0 INR,7023.0,166874.0,33226.0,Jan 01 1970
24504.0,17685.0,895337.0,41949.0,01-01-1970
32445.0,9590.0,487982.0,37328.0,01 Jan 1970
63682.0,7681.0,993801.0,27038.0 INR,01 Jan 1970
58301.0,1338.0,488363.0,12518.0,01/01/70
13581.0 INR,788.0,955908.0,23488.0,01 Jan 1970
27727.0,19648.0,456589.0,48244.0,Jan 01 1970
44480.0,9889.0,974878.0,22342.0,01-01-1970
84069.0,14532.0,124828.0,38711.0,1970/01/01
11491.0,8230.0,661258.0,45818.0,01/01/70
11215.0,571.0,399203.0,26286.0,Jan 01 1970
1872.0 INR,19821.0,190644.0,49462.0,01/01/70
69265.0,13694.0,146675.0,28644.0,Jan 01 1970
83922.0,14899.0,,32508.0,01/01/70
74179.0,17506.0 INR,383185.0,11478.0,01-01-1970
78823.0 INR,47.0,620529.0,49746.0,01/01/70
65664.0,8993.0,623968.0,29676.0,Jan 01 1970
90059.0,14409.0,972207.0,28641.0,Jan 01 1970
73076.0,13731.0 INR,823812.0,,01-01-1970
99130.0,6787.0,893023.0 INR,24923.0,Jan 01 1970
1928.0,1105.0,956990.0,21713.0,Jan 01 1970
31860.0 INR,1617.0,520017.0,45724.0,01-01-1970
17494.0,19412.0,269960.0,49715.0,01/01/70
5302.0 INR,4183.0,338801.0,22448.0,1970/01/01
17181.0,9228.0,638177.0,11357.0,01/01/70
17153.0,11123.0 INR,256747.0,17272.0,01/01/70
60352.0 INR,5934.0,907180.0,16422.0 INR,Jan 01 1970
91468.0,18245.0,838694.0,19539.0,01-01-1970
83268.0,10166.0 INR,711176.0,15396.0 INR,01 Jan 1970  
32021.0,2075.0,360284.0,34642.0,1970/01/01
26027.0,2055.0,105969.0,35382.0,01 Jan 1970
65620.0,9409.0,312080.0,21830.0,01/01/70
75011.0,1770.0,896665.0,47369.0,01-01-1970
50548.0,9963.0,110793.0,18413.0,Jan 01 1970
2670.0,16022.0,857878.0,14813.0,01/01/70
73888.0,14658.0,804393.0 INR,47144.0,Jan 01 1970
95775.0,9884.0,431575.0,50000.0,01 Jan 1970
42279.0,12949.0,357728.0,,1970/01/01
11986.0 INR,117.0,805284.0,42340.0,Jan 01 1970
44569.0 INR,13899.0 INR,915197.0,22660.0,Jan 01 1970
47583.0,19275.0,373159.0,36307.0,01/01/70
91544.0,,132903.0,26526.0,Jan 01 1970
26287.0,15854.0 INR,417242.0,23747.0,01/01/70
410.0,16435.0,556481.0,36861.0,01 Jan 1970
92579.0,16317.0,376729.0,49174.0,Jan 01 1970
69516.0,19658.0 INR,463058.0,27143.0,01/01/70
25045.0 INR,7417.0,857009.0,15926.0,01 Jan 1970
25217.0,14883.0,973723.0,24350.0,1970/01/01
60776.0,18770.0,571452.0,18709.0,1970/01/01
23454.0,19030.0,892514.0,36615.0,1970/01/01
5956.0,10380.0,614290.0,11561.0,01-01-1970
31469.0,3921.0,644807.0,16803.0,01/01/70
,12900.0,736095.0,44011.0,01/01/70
34087.0 INR,7776.0,435706.0,45413.0,Jan 01 1970
64023.0,14984.0,481220.0,32138.0,01/01/70
69362.0,7624.0,620803.0,14186.0,01-01-1970
20501.0,7584.0,587529.0,40254.0 INR,Jan 01 1970  
57584.0,4004.0,620529.0,49746.0,1970/01/01
49560.0,5324.0,251535.0,15069.0,1970/01/01
77091.0,11090.0,823812.0,10670.0,01/01/70
22315.0,16218.0,845208.0,45487.0,01-01-1970
9111.0,15160.0 INR,719774.0,38585.0,01 Jan 1970
98057.0,1442.0,399203.0,26286.0,01/01/70
21668.0,1851.0,606250.0,42838.0,01-01-1970
50969.0,4167.0,900734.0,43683.0,01-01-1970
67639.0,6258.0,761084.0,30356.0,01 Jan 1970
98000.0,8914.0,600044.0,21171.0,01/01/70  
50607.0,3181.0,502803.0,19722.0,01-01-1970
20758.0,11134.0,132903.0,26526.0,
61215.0,,386596.0,46920.0,01-01-1970
64903.0,15153.0 INR,810954.0,34734.0,Jan 01 1970
11883.0,3129.0,162796.0,11617.0,1970/01/01
98753.0 INR,12926.0 INR,499948.0,,1970/01/01
80958.0,6014.0,977594.0,34750.0 INR,01 Jan 1970
48423.0,1767.0,882304.0,15318.0 INR,01-01-1970
5103.0,2900.0,733257.0,42463.0,01-01-1970  
92820.0 INR,6428.0,620760.0,48022.0,01-01-1970
81082.0,11585.0,,42408.0,01-01-1970
35943.0,5295.0,690660.0,40785.0,01/01/70
83827.0,4001.0,331707.0,25861.0,1970/01/01
65506.0,12625.0,988422.0,32498.0,01/01/70
79588.0 INR,17784.0,599168.0,22930.0,01/01/70
77272.0,,283061.0,10940.0,1970/01/01  
75018.0,5537.0,808942.0,36970.0,01/01/70
93913.0,17601.0,309845.0,48644.0,01 Jan 1970
14196.0,8965.0,100009.0,,01/01/70
15402.0,15314.0,478887.0,13571.0,01 Jan 1970
61310.0,18738.0,988327.0,14605.0,01 Jan 1970
46045.0,7884.0,736017.0,23465.0 INR,01-01-1970
96715.0,2108.0,874212.0,19355.0,1970/01/01
49671.0,14346.0,352372.0,40230.0,01/01/70
60144.0,10686.0,728958.0,12025.0,01 Jan 1970
97839.0,8502.0,320846.0 INR,10037.0,01 jan 1970
62340.0,12127.0,428702.0,45777.0,Jan 01 1970
96177.0,,132081.0,31874.0,01/01/70
98152.0 INR,6441.0,,,01/01/70
93314.0,877.0,488363.0,12518.0,1970/01/01
84787.0,16130.0 INR,654584.0 INR,42109.0,1970/01/01
44510.0,11223.0,171046.0,33100.0,01 Jan 1970
89369.0,6899.0,880422.0,,01/01/70
31115.0,18645.0,125401.0 INR,13439.0,01 Jan 1970
59858.0,18908.0,739219.0,20855.0,01 Jan 1970
2464.0,18517.0,995017.0,20665.0,01-01-1970
32006.0,1457.0,162019.0,,01 Jan 1970
42810.0,14675.0 INR,719774.0,38585.0,01-01-1970
87505.0,18046.0,550998.0,25408.0,01/01/70
76515.0,7003.0,406474.0,37010.0,Jan 01 1970
23006.0,5602.0,430489.0,48724.0,Jan 01 1970
97550.0,,881484.0,37679.0,01 jan 1970
62515.0,,493044.0,14547.0 INR,01-01-1970
60246.0,8721.0,633552.0,29698.0,1970/01/01
55629.0,11935.0,,15690.0,Jan 01 1970  
78650.0,16550.0,713394.0,21039.0,Jan 01 1970  
76275.0,3747.0,314828.0,27866.0,1970/01/01
84969.0,1184.0,771366.0,43280.0,01/01/70
33957.0,9720.0 INR,465145.0 INR,24978.0,01/01/70
7612.0,4554.0,968195.0,27201.0,Jan 01 1970
42126.0,10822.0,520821.0,43234.0 INR,01 Jan 1970
67452.0,1194.0 INR,244360.0,42806.0,1970/01/01
70238.0,15208.0 INR,447611.0,,01/01/70
14843.0 INR,7671.0 INR,,45487.0 INR,01-01-1970
18039.0 INR,10256.0,864472.0,39925.0,Jan 01 1970
74329.0,7105.0,286028.0,38204.0,01 Jan 1970
97634.0,3920.0,775609.0,46183.0,Jan 01 1970
72665.0 INR,6200.0,745346.0,46229.0,01/01/70
64236.0,11684.0,909985.0,34688.0,01 Jan 1970
80105.0,16637.0,487519.0,47049.0,01-01-1970
70608.0,19230.0,719774.0,38585.0,Jan 01 1970
52209.0,,776818.0,40576.0,01/01/70
70256.0,13598.0 INR,627593.0,42750.0,01-01-1970
12029.0,13187.0,666619.0 INR,38084.0,01-01-1970
4982.0,18485.0,402982.0,48956.0,01-01-1970
59786.0,18396.0 INR,838352.0,19090.0,01-01-1970
22933.0,2819.0,845965.0 INR,15444.0,01 Jan 1970
24363.0,16323.0,813404.0,43094.0,01-01-1970
5900.0,4079.0,893531.0,46694.0,01/01/70
80864.0,18141.0,996959.0,21258.0,1970/01/01
86665.0,17335.0,645792.0 INR,14376.0,01-01-1970
28554.0,14308.0,615338.0,10468.0,1970/01/01
35957.0,17492.0 INR,193806.0 INR,,Jan 01 1970
97398.0,13883.0,853788.0,28093.0,Jan 01 1970
52.0,19858.0,946466.0,49589.0,01/01/70
36860.0,10883.0,111081.0,49161.0,1970/01/01  
81726.0 INR,8700.0,944848.0,35118.0,1970/01/01
71305.0,,475727.0 INR,13841.0,1970/01/01
59001.0,14583.0,623954.0,15946.0,01 Jan 1970
72714.0,17476.0,878999.0,49979.0,01/01/70
3028.0,6075.0,790474.0 INR,45912.0,01-01-1970
85490.0,9526.0,645792.0 INR,14376.0,01-01-1970
36118.0,6660.0 INR,106620.0,15213.0,
14224.0,5082.0,746759.0,34387.0,
37516.0,9581.0,391595.0,22418.0,01/01/70
25625.0 INR,13933.0,547460.0,17187.0 INR,01-01-1970
60931.0,17226.0,,10632.0,01/01/70
97249.0,8724.0,386840.0,39880.0,1970/01/01
21553.0,3414.0,166874.0,33226.0,Jan 01 1970
60040.0,8083.0,229934.0,13435.0,01 Jan 1970
,5407.0,499948.0,47231.0 INR,1970/01/01
71515.0 INR,13129.0,757501.0,14115.0,01 Jan 1970
82769.0,8664.0,630704.0,46731.0,01-01-1970  
41515.0,4030.0,484487.0,,01/01/70
51069.0,46.0,360284.0,34642.0,01-01-1970
10911.0,17188.0,968195.0,27201.0,Jan 01 1970
67175.0 INR,16138.0,520821.0,43234.0,Jan 01 1970
48165.0,7639.0,308267.0,16118.0,01/01/70
30933.0,18296.0,438637.0,35396.0,01-01-1970
96298.0,5964.0,998803.0,10734.0,01-01-1970
,7245.0,988954.0,13868.0,01/01/70
53249.0,2268.0,376729.0,49174.0,01-01-1970
88735.0,10877.0,132903.0,26526.0,1970/01/01  
84752.0,2227.0,301961.0,34489.0,01 Jan 1970
99607.0,10575.0,917548.0,17593.0,01 jan 1970
39861.0,1659.0,889912.0 INR,,01 Jan 1970  
62373.0,8940.0,307324.0,,
98379.0,,196158.0,16002.0,1970/01/01
70490.0,5273.0 INR,927942.0,44336.0,01-01-1970
25466.0,2689.0,850328.0,13099.0,01-01-1970
56406.0,10117.0,771366.0 INR,43280.0,01 Jan 1970
55153.0,8264.0 INR,894210.0,48637.0 INR,01/01/70
10412.0,3252.0,890315.0 INR,45337.0,1970/01/01
31299.0,16187.0,689171.0,19576.0,1970/01/01
39684.0,13308.0 INR,570284.0,20424.0,Jan 01 1970
82969.0,16423.0,279664.0,11449.0,01/01/70
29449.0,1566.0,776111.0,,01/01/70
94877.0,428.0,503953.0,16791.0,01-01-1970
56626.0,8442.0,299008.0 INR,48131.0,01/01/70
3999.0,19887.0,275496.0,26809.0,Jan 01 1970
22641.0,11418.0,538017.0,40184.0,01-01-1970
66102.0,4928.0,,29698.0,1970/01/01  
24563.0,13721.0,783288.0,37618.0,1970/01/01
35830.0,10145.0,124145.0,45472.0,01/01/70
47492.0,11879.0 INR,484611.0,43592.0,Jan 01 1970  
91633.0,12735.0 INR,917548.0 INR,17593.0,Jan 01 1970
34450.0,10291.0,152427.0 INR,15204.0,Jan 01 1970
32318.0,11522.0,946165.0,25409.0,01/01/70
57626.0,15454.0,635696.0,35455.0 INR,Jan 01 1970
63526.0,14632.0,736017.0,23465.0,Jan 01 1970
71564.0,19643.0,701195.0 INR,44259.0,01 Jan 1970
81826.0,9849.0,744206.0,10013.0,01/01/70
77081.0,14986.0,125035.0,,01/01/70
15289.0,19829.0,263503.0,19284.0,Jan 01 1970
20270.0,15433.0,262794.0,32111.0,01 Jan 1970  
41859.0,18041.0,882304.0 INR,15318.0,01-01-1970
70220.0,14455.0,339843.0,39141.0 INR,01/01/70
45233.0,8217.0,586308.0 INR,,01/01/70
,8196.0,424875.0,45284.0,1970/01/01
42687.0,8934.0,846235.0,49188.0,01 Jan 1970
51526.0,8248.0,587899.0,43474.0,01 Jan 1970
64484.0,3310.0,804393.0,47144.0,01 Jan 1970
9447.0,8727.0,847140.0,15049.0,01 Jan 1970
78783.0,10400.0,488212.0,33888.0,1970/01/01
26464.0,1630.0,954517.0,11456.0 INR,01-01-1970
567.0,819.0,520940.0,18091.0,01 Jan 1970
13629.0,,485841.0,13336.0 INR,01 Jan 1970
62259.0,5743.0,890478.0,20830.0,01/01/70
86740.0 INR,11597.0,647013.0,35833.0 INR,01 Jan 1970  
59700.0,721.0,774885.0 INR,28540.0,01/01/70
97730.0,7720.0,391595.0,22418.0,1970/01/01
43177.0,2338.0,447907.0,15839.0,1970/01/01
46010.0,19920.0,917548.0,17593.0,01-01-1970
84003.0,5601.0,418239.0,45080.0,1970/01/01
99618.0,603.0,488837.0 INR,12930.0,01-01-1970
95403.0,3548.0,895337.0,41949.0,01 Jan 1970
2978.0,18574.0,312080.0,21830.0,01-01-1970
58143.0,16619.0,838694.0,19539.0,1970/01/01
29554.0,,713302.0,47480.0,1970/01/01
60521.0,5079.0,668025.0,11142.0,Jan 01 1970
88317.0,14612.0 INR,888019.0 INR,47130.0,01-01-1970
42185.0,,989092.0,,01 Jan 1970
25552.0 INR,8379.0,955908.0,23488.0,1970/01/01
75059.0,8570.0,488212.0,33888.0,01-01-1970
38354.0,15843.0,222600.0,31331.0,01/01/70
16161.0,17119.0 INR,768568.0 INR,17496.0,01 Jan 1970
36830.0,8746.0,125668.0,19137.0,01/01/70
23914.0 INR,17153.0,780950.0 INR,25650.0,01-01-1970
20347.0,16991.0,980563.0,33705.0,01-01-1970
16475.0,7755.0,569063.0,11301.0,
78648.0,19714.0,127639.0,42407.0,01 Jan 1970
11610.0,12220.0,899816.0,27088.0 INR,01 Jan 1970
73116.0,4380.0,601946.0,12778.0,01/01/70
75588.0,458.0,681955.0,32331.0,1970/01/01
75690.0 INR,11989.0,765030.0,31017.0,Jan 01 1970
76129.0,877.0,301350.0 INR,43647.0,01-01-1970
94826.0,3631.0,,30112.0,01/01/70
8693.0,11178.0,635696.0,35455.0,01 jan 1970
3146.0,890.0,771580.0,39730.0,01/01/70
96934.0,18904.0,,49558.0,01 Jan 1970
1863.0,10476.0,353677.0,49909.0,01 Jan 1970
24322.0,14427.0,183312.0,13850.0,Jan 01 1970
25596.0,4859.0,938306.0,19938.0,01/01/70
19154.0 INR,17834.0,943934.0,12386.0,01 Jan 1970
19216.0,12158.0,266643.0,42016.0,01/01/70
71476.0 INR,17139.0,295624.0,42611.0,1970/01/01
91178.0,1224.0,587899.0,43474.0,Jan 01 1970
13299.0,355.0,,33690.0,Jan 01 1970
77528.0,18563.0,132903.0,26526.0,01/01/70
12123.0,15070.0,650166.0,37286.0,1970/01/01
15655.0,8706.0,648898.0,,01 Jan 1970
16345.0,16717.0,498494.0 INR,20033.0,01/01/70
85706.0 INR,8712.0,582595.0,38696.0,01-01-1970
712.0,5399.0,120145.0,29838.0,01/01/70
94247.0,8863.0,701740.0,28302.0,1970/01/01
,15582.0,195606.0,47436.0,01-01-1970
4985.0,19607.0,127639.0,42407.0,
45772.0,1187.0,962816.0,15863.0,1970/01/01
70258.0,6487.0,169556.0,46810.0,1970/01/01
35472.0,,481718.0,15794.0,01-01-1970
56835.0,11649.0,757350.0,40574.0,1970/01/01
67355.0,6578.0,788056.0,12217.0,
73611.0,8577.0,877882.0,34433.0,1970/01/01
55177.0,5217.0,434042.0,20936.0,01 Jan 1970
61996.0,18624.0,854914.0,35465.0,01-01-1970
68202.0,19860.0,350887.0 INR,13703.0,1970/01/01
104.0,19797.0,290036.0,40354.0,01/01/70
99615.0,9749.0,977594.0,34750.0,1970/01/01
88444.0,18148.0,,25482.0 INR,Jan 01 1970  
82366.0,19463.0,394475.0,40441.0,01/01/70
58828.0,8959.0,213762.0,17825.0,01 Jan 1970
21698.0,15539.0 INR,603500.0,46754.0,01-01-1970
45906.0,17143.0,813404.0,43094.0,01/01/70
43256.0,8775.0,478222.0,48018.0,Jan 01 1970
10919.0,9050.0,752300.0,12541.0,1970/01/01
80884.0,12317.0,767687.0,17686.0,01/01/70
4093.0,,446178.0,16551.0 INR,1970/01/01
89222.0 INR,2669.0,277272.0,33934.0,01 Jan 1970
96337.0,18489.0,813404.0 INR,43094.0,01/01/70
16121.0,4503.0,357957.0,24218.0,01 Jan 1970
46178.0,16003.0,410152.0,17934.0,01-01-1970
78593.0,1432.0,621480.0,35705.0,1970/01/01
85497.0,3895.0,365503.0,48381.0,Jan 01 1970
26928.0,,721739.0,22052.0,01/01/70
83352.0,1659.0,450267.0,40165.0,Jan 01 1970
38723.0,790.0,643962.0,42389.0 INR,1970/01/01
94206.0,19408.0,862564.0,41631.0,Jan 01 1970
43876.0,4647.0,248638.0,30661.0,01-01-1970
,17414.0,358563.0,24636.0,Jan 01 1970
17991.0 INR,19926.0,569063.0,11301.0,01-01-1970
89645.0,2396.0,830706.0,34585.0 INR,01-01-1970
17729.0,11651.0,650044.0,27425.0,01/01/70
89270.0,3233.0,661258.0,45818.0,1970/01/01
30237.0,1433.0,292899.0,22736.0,Jan 01 1970
43700.0,12082.0,954517.0,11456.0,01-01-1970
63616.0,15593.0,183312.0,13850.0,01-01-1970  
71047.0,19816.0,435876.0,18878.0,1970/01/01
34353.0,17555.0,120191.0,43439.0,01/01/70
35693.0,5688.0,516263.0,10147.0,01 Jan 1970
6875.0,15782.0,786420.0,21530.0,1970/01/01  
99127.0,7901.0,254546.0,29683.0,01-01-1970
76008.0,9917.0,201784.0,12580.0,01/01/70
91604.0,18601.0,107322.0,26493.0,01 Jan 1970
58336.0,6363.0,746759.0,34387.0,01/01/70
72369.0,4460.0,860123.0,30835.0,01/01/70
17848.0,6353.0,756971.0,35917.0,1970/01/01
12782.0 INR,15148.0,382206.0,47634.0,Jan 01 1970
40238.0 INR,10821.0,774442.0,23168.0,01-01-1970
9311.0,10005.0,734868.0,22193.0,Jan 01 1970
61406.0,248.0,282366.0,39604.0,01-01-1970
48947.0,7895.0,742366.0,26386.0,01-01-1970
95957.0,11328.0 INR,977353.0,38342.0,
49873.0,6749.0 INR,988439.0,15373.0,01 Jan 1970
74244.0,4828.0,,40254.0,1970/01/01
20081.0,15898.0,828694.0,30090.0,1970/01/01
73914.0,12438.0,276698.0,10113.0,jan 01 1970
24416.0,10637.0,213329.0,41219.0,01-01-1970
7825.0,18538.0,591852.0,20217.0,01-01-1970
35930.0,8034.0,579123.0 INR,23412.0,01-01-1970
74919.0,,867305.0,49538.0,Jan 01 1970
96358.0,11301.0,951434.0 INR,26699.0,01 Jan 1970
55881.0,12671.0,223969.0,30185.0,01/01/70
10669.0,9878.0,291971.0,,01 Jan 1970
33931.0,9912.0,767638.0,11990.0,01-01-1970
76567.0,8761.0,132081.0,31874.0,1970/01/01
9713.0,13223.0,765030.0,31017.0,1970/01/01
60676.0,2365.0,,36695.0,Jan 01 1970
63394.0,19439.0,851872.0,27743.0,01/01/70
14282.0,12992.0 INR,373159.0,36307.0,01-01-1970
27832.0,1483.0,714068.0,18080.0,01/01/70
73505.0,16350.0,295864.0,22878.0,Jan 01 1970
42689.0,8170.0,934930.0,36426.0,01/01/70
14746.0,16710.0,971636.0,12728.0,01 Jan 1970
48080.0,3069.0,660245.0,11832.0,1970/01/01
3701.0,645.0,,35455.0,
95906.0,14799.0 INR,775609.0,46183.0,01-01-1970
36401.0 INR,13575.0,216775.0,14268.0,01/01/70
62813.0,4183.0,630704.0,46731.0,01 Jan 1970
28315.0,11482.0,281779.0,30555.0,01/01/70
78969.0,9704.0 INR,758623.0,42083.0,01-01-1970
68232.0 INR,5856.0,754688.0,28164.0,1970/01/01
1970.0,3228.0,627593.0,,1970/01/01
50862.0 INR,7654.0,633506.0,17439.0,01-01-1970
21835.0,,453371.0,38689.0 INR,01/01/70
9160.0,6726.0,256747.0,17272.0,1970/01/01
44072.0,14792.0,936795.0,40322.0,Jan 01 1970
30460.0,3617.0,,49743.0,01-01-1970
94883.0,2980.0,693092.0,47259.0,1970/01/01
4245.0 INR,18486.0,645310.0,28282.0,01 Jan 1970
86755.0,8643.0,411919.0,12293.0,Jan 01 1970
473.0,18070.0,761654.0,31685.0,01/01/70
92102.0,15724.0,,41534.0,1970/01/01
78869.0,15473.0,650555.0,40580.0,01-01-1970
87610.0,2618.0,499454.0,40986.0,01 Jan 1970
18328.0,12866.0,446178.0,16551.0,01 Jan 1970
24390.0,2403.0,107322.0,26493.0,01 Jan 1970
87407.0 INR,1057.0,,44259.0,01 Jan 1970
7580.0,9513.0,307324.0,27253.0,01-01-1970
8697.0,1504.0 INR,244360.0,42806.0,Jan 01 1970
54792.0,122.0,701740.0,28302.0,Jan 01 1970  
7390.0,9835.0,645792.0,14376.0,01/01/70
85200.0,362.0,309340.0,40809.0,1970/01/01
40132.0 INR,14779.0,624282.0,30947.0,01/01/70
7648.0,4075.0,707081.0 INR,18438.0,01 Jan 1970
91924.0,8838.0,828326.0,20157.0,01/01/70
69819.0,6397.0,269864.0,15660.0,01-01-1970
5554.0,7159.0,489843.0,,1970/01/01
63056.0,13977.0 INR,886429.0,40021.0,1970/01/01  
27154.0,14585.0,771712.0,28704.0,01-01-1970
79511.0,16549.0,899816.0,27088.0,
85331.0,7354.0,645377.0,21364.0,01 Jan 1970
97098.0 INR,14328.0,276698.0,10113.0,01/01/70
17438.0,3010.0,520821.0,43234.0,01/01/70  
53951.0,6602.0,585884.0,45927.0,01/01/70
98533.0,9523.0,497875.0,49350.0,01/01/70
28089.0,8465.0,112960.0,24183.0,01/01/70
5286.0,19995.0,604618.0,28238.0,1970/01/01
22377.0 INR,12581.0,810954.0,34734.0,1970/01/01  
45978.0,2680.0,338801.0,22448.0 INR,
39583.0,8687.0,570726.0,18264.0,01 Jan 1970
73660.0,14063.0,314007.0,20741.0,
19176.0,4656.0,832133.0 INR,43864.0,1970/01/01
3932.0,13529.0 INR,355517.0,,01/01/70
37552.0,3815.0,735604.0 INR,13991.0,01-01-1970
50738.0,3987.0,244327.0,31810.0,01 Jan 1970
25675.0,7847.0,896665.0,47369.0,Jan 01 1970
43156.0,1573.0,649437.0,21684.0,1970/01/01
99156.0,14671.0,719171.0 INR,22888.0,1970/01/01
96725.0,,988439.0,15373.0,Jan 01 1970
1344.0,18555.0,138966.0 INR,42599.0,01-01-1970
42107.0,14991.0,332329.0 INR,30991.0,01-01-1970
38956.0,10740.0,,36861.0,Jan 01 1970
13438.0,15794.0,816211.0,21823.0,Jan 01 1970
74532.0,12254.0,742366.0,,Jan 01 1970
79425.0,17874.0,450153.0,23523.0,01 Jan 1970
79864.0,8154.0,859459.0,36523.0,Jan 01 1970  
20932.0,7704.0,994101.0,12044.0,1970/01/01
83099.0,13563.0,410152.0,17934.0,01 Jan 1970
49752.0,6564.0,,37108.0,Jan 01 1970
92655.0,12051.0 INR,223436.0,19678.0,1970/01/01
12805.0,1591.0 INR,681697.0,42634.0,01 Jan 1970
20603.0,13470.0,110334.0,17302.0,1970/01/01
63309.0,2152.0,450267.0,40165.0,01 jan 1970
38744.0,4711.0,180782.0,,1970/01/01
28122.0,6472.0 INR,286550.0,36081.0,1970/01/01
13346.0,17716.0 INR,291971.0,42568.0,01 Jan 1970
83021.0,19102.0 INR,400798.0,21426.0,Jan 01 1970
78261.0,7569.0,486538.0,40470.0,01-01-1970
67725.0,6855.0,973723.0,24350.0,01-01-1970  
44202.0,17056.0,365735.0,49330.0,01/01/70
56334.0,19335.0,893531.0,46694.0,01/01/70  
94702.0,13862.0,795167.0,24612.0,01 Jan 1970
17662.0,13683.0,277272.0,33934.0,Jan 01 1970
73646.0,7166.0,767625.0,39817.0,01/01/70
12548.0,14683.0,993605.0,27260.0,01/01/70
49900.0,8941.0,125401.0,13439.0,01-01-1970
81209.0,5641.0,556276.0,34711.0 INR,01 Jan 1970
23166.0,12723.0,482281.0,13144.0,Jan 01 1970
89653.0 INR,4541.0,260576.0,39767.0,
35291.0 INR,19766.0,279664.0 INR,11449.0,01/01/70
56046.0,2121.0,836150.0,37672.0,01/01/70
15820.0,16827.0,480570.0,30676.0,Jan 01 1970
78886.0,777.0,791915.0,45777.0 INR,01/01/70
45871.0,15771.0,691018.0,45755.0,01/01/70
9991.0,,668663.0,45958.0,01-01-1970
13611.0,1271.0,823812.0,10670.0,01/01/70
85461.0,14548.0,995113.0,48370.0,1970/01/01
51118.0,909.0,339192.0,48484.0,Jan 01 1970
24236.0,9206.0,262794.0,32111.0,
53936.0,14495.0,951434.0,26699.0,01/01/70
88288.0,13595.0,169187.0,27698.0,01-01-1970
44642.0,8998.0,804441.0 INR,15557.0,01-01-1970
72020.0 INR,,661365.0,30544.0,01/01/70
78625.0,4681.0,301577.0,37022.0,01 Jan 1970
57103.0,16586.0,734868.0,22193.0,01/01/70
69248.0,3062.0,993605.0,27260.0,1970/01/01
66994.0 INR,4747.0,632214.0,35421.0,1970/01/01
47256.0,11842.0,460944.0,13958.0,1970/01/01  
27905.0,17476.0,447907.0,15839.0,01-01-1970
18022.0,15557.0,355517.0,11361.0,01-01-1970
295.0,3144.0,493044.0,14547.0,01 Jan 1970
27793.0,12785.0,929816.0,21323.0,1970/01/01
99369.0 INR,4011.0,857009.0,15926.0,01 Jan 1970
37293.0,13312.0,170176.0,39457.0,01-01-1970
36241.0,19029.0,815321.0,49662.0,01/01/70
,11416.0,286028.0,38204.0,Jan 01 1970
7437.0,2316.0,489843.0,36342.0,Jan 01 1970
59156.0,18501.0,364405.0,,1970/01/01
3838.0,18109.0,218867.0,19610.0,01 Jan 1970
60070.0,19484.0,648931.0,43038.0,Jan 01 1970
23280.0,10596.0,736302.0,42711.0,01-01-1970
42509.0,12497.0,802215.0,22343.0,1970/01/01
,12241.0,744206.0 INR,10013.0 INR,Jan 01 1970
29122.0,2383.0,977353.0 INR,38342.0,01/01/70
55510.0,13147.0,736108.0,47068.0 INR,01-01-1970
98351.0,16049.0,253209.0,18320.0,01 Jan 1970
12232.0,1314.0,875952.0,11372.0 INR,Jan 01 1970  
26405.0,15247.0,786420.0,21530.0,Jan 01 1970
37978.0 INR,15231.0,894210.0,48637.0,01 Jan 1970
71432.0,13850.0,732094.0,42423.0,01/01/70
20921.0 INR,6066.0,728074.0 INR,44161.0 INR,Jan 01 1970
29450.0,14877.0,907180.0,16422.0,01/01/70
16055.0,10842.0,535762.0,20607.0,01 Jan 1970
22541.0,17975.0,363814.0,27577.0,1970/01/01
28562.0,3031.0,673629.0,47236.0,01/01/70
38181.0,7977.0,862564.0,41631.0,01-01-1970
69533.0,10818.0,428686.0,43486.0,1970/01/01
76371.0,7572.0,244207.0 INR,17930.0,Jan 01 1970
35831.0,5548.0,,28822.0,01 Jan 1970  
80305.0,552.0,314828.0,27866.0,Jan 01 1970
34445.0,8879.0,392042.0,22191.0,01-01-1970
64423.0,1393.0,132081.0,31874.0,Jan 01 1970
,19190.0,499476.0,11343.0 INR,01-01-1970
82399.0,2078.0,932378.0,,1970/01/01
25954.0,18807.0,815321.0,49662.0,1970/01/01
67816.0,15920.0,458245.0,45403.0,01-01-1970
23332.0,887.0,893023.0,24923.0,Jan 01 1970
70114.0,10530.0,795743.0,31007.0,01-01-1970
53366.0,19554.0,655506.0,37112.0,1970/01/01
14866.0,13154.0,745346.0,46229.0,01/01/70
95443.0,15726.0,254546.0,,Jan 01 1970
10869.0 INR,6786.0,377537.0,41813.0,1970/01/01
97917.0,9567.0,925189.0,14283.0,Jan 01 1970
10024.0,150.0,693092.0 INR,47259.0,Jan 01 1970
53697.0,,906250.0,49337.0,01-01-1970
48819.0,10784.0 INR,607620.0,49954.0,01-01-1970
42768.0,2276.0,885813.0,26920.0,jan 01 1970
11390.0,14996.0,363814.0,27577.0,01-01-1970
43102.0,3280.0,426275.0 INR,44356.0,01-01-1970
95669.0,17125.0,603028.0,14147.0,1970/01/01
43809.0,5268.0,280793.0,35418.0,jan 01 1970
33114.0,19750.0,253028.0 INR,46804.0,Jan 01 1970
9146.0,15483.0,524780.0,27966.0,01 Jan 1970
53189.0,9027.0,186994.0 INR,26081.0,1970/01/01
30325.0,8988.0,134272.0,18747.0,Jan 01 1970
95941.0,12229.0,666619.0 INR,38084.0,01-01-1970
2944.0 INR,11647.0,860123.0 INR,30835.0,01/01/70
93850.0,16406.0 INR,498494.0,20033.0,01-01-1970
66518.0,902.0 INR,714068.0,18080.0,01/01/70  
89739.0 INR,9495.0,964226.0,42136.0,01-01-1970
62396.0,17472.0,266643.0,42016.0,01 Jan 1970
61927.0,7980.0,745330.0,44477.0 INR,1970/01/01
9623.0,1497.0,736095.0,44011.0,01-01-1970
88442.0,13566.0,301961.0,34489.0,Jan 01 1970
75828.0,4886.0,253028.0,46804.0,01 Jan 1970
73100.0,15212.0,605566.0,41866.0,01 Jan 1970
,14290.0,897819.0,34178.0,01/01/70
34315.0,13070.0,673700.0,30811.0,1970/01/01
59061.0,11711.0,417242.0,,jan 01 1970
62069.0 INR,3593.0,736108.0,47068.0,01 Jan 1970
36255.0,15028.0 INR,936795.0,40322.0,01-01-1970
43304.0,13823.0,464175.0 INR,38851.0 INR,1970/01/01
10989.0,3245.0,632214.0,35421.0,01/01/70
10351.0 INR,2629.0,138966.0 INR,42599.0,Jan 01 1970
80725.0,9716.0,620529.0,49746.0,01-01-1970
,14872.0,103322.0,25648.0,01-01-1970
42598.0 INR,1399.0,294735.0,14675.0,Jan 01 1970
63364.0 INR,12249.0 INR,499948.0,47231.0,Jan 01 1970  
94076.0,13417.0,795743.0,31007.0,01/01/70  
98100.0,14371.0,676749.0,14453.0,01/01/70
1446.0,13179.0,714649.0,33749.0,1970/01/01
85628.0,16888.0,302273.0,42035.0,1970/01/01
41077.0,14418.0,847734.0,41820.0,01 Jan 1970
25877.0,4504.0,648898.0,36717.0,Jan 01 1970
57048.0,12050.0,494206.0,29629.0 INR,1970/01/01
33270.0,1399.0,297488.0,36495.0,01-01-1970
5078.0,18991.0,734473.0,17888.0,01/01/70  
49159.0,18209.0,398534.0,47362.0,01-01-1970
24959.0,3632.0,728958.0,12025.0,01-01-1970
37739.0,7268.0,435968.0,44690.0,1970/01/01
89009.0,12555.0,196321.0,,01-01-1970
25612.0,4787.0,630524.0,14409.0,Jan 01 1970
45490.0,3244.0,269864.0,15660.0,01-01-1970
83585.0 INR,2526.0,661258.0,45818.0 INR,1970/01/01
78651.0,13580.0,357957.0,,01-01-1970
27032.0,11122.0,200519.0 INR,30394.0 INR,01/01/70
95822.0,8468.0,798687.0,45913.0 INR,1970/01/01
79276.0,19034.0,200519.0,30394.0,01 jan 1970
48087.0,15656.0,904037.0,22384.0 INR,01/01/70
74670.0,1544.0,127639.0,42407.0,Jan 01 1970
27218.0,4003.0,808043.0,11850.0,01/01/70
74934.0,,250944.0,19319.0,Jan 01 1970
34035.0,,318209.0,36594.0,Jan 01 1970
6113.0,19360.0,557125.0,34307.0,01 Jan 1970
81369.0,9590.0,790593.0,34331.0,
83028.0,17712.0,323753.0,25216.0,01-01-1970
10191.0,6497.0,,28644.0,1970/01/01
18978.0,15219.0,957588.0,29881.0,01-01-1970
55398.0,11697.0 INR,788056.0,12217.0,Jan 01 1970
70618.0,11490.0,972207.0,28641.0,1970/01/01
99931.0,2052.0,988422.0,32498.0,Jan 01 1970
97110.0,9579.0,674606.0,20158.0,01/01/70
77751.0,1943.0,103322.0,25648.0 INR,01 Jan 1970
93929.0 INR,11392.0,159404.0,16893.0,01/01/70
89708.0,7709.0,105969.0,35382.0,
67813.0,,520017.0,45724.0,1970/01/01
2330.0,7897.0,404289.0,45310.0,01-01-1970
,7043.0,340047.0,48852.0 INR,01/01/70
77558.0,17937.0,853250.0,36555.0,01/01/70
24518.0,18334.0 INR,538959.0,41041.0,Jan 01 1970  
91707.0,10788.0 INR,752069.0,48687.0,1970/01/01
19510.0,8694.0 INR,830994.0,47031.0,Jan 01 1970
44500.0,7367.0,413612.0 INR,15316.0,01/01/70
94970.0,8745.0 INR,379626.0,15459.0,Jan 01 1970
,470.0,713394.0,21039.0,01-01-1970
61620.0,11345.0,804441.0 INR,15557.0,01 Jan 1970
55342.0,16134.0,850663.0,32292.0,jan 01 1970
20490.0,18647.0,972207.0,28641.0,01 Jan 1970
37258.0,14887.0,475508.0 INR,41486.0,Jan 01 1970
3457.0,18148.0,719774.0,38585.0,01/01/70
20915.0 INR,5076.0,591737.0,41379.0,01 Jan 1970
46744.0,6306.0,348531.0,26324.0,Jan 01 1970
90745.0,15325.0,,11142.0 INR,01 Jan 1970
28596.0,5817.0,667035.0,19548.0,Jan 01 1970
52241.0,16795.0,282413.0,48024.0,01 Jan 1970
24236.0 INR,13386.0,201675.0 INR,20136.0,Jan 01 1970
3058.0,11843.0,743217.0,47362.0,01 Jan 1970
80915.0,15931.0,405587.0,17063.0 INR,
27594.0,9065.0,828664.0,,Jan 01 1970  
29008.0,4395.0 INR,253209.0,18320.0,01 Jan 1970
77933.0,16937.0,364405.0 INR,45634.0,01/01/70
23717.0,15394.0,936795.0,40322.0,01/01/70
43478.0,5676.0,744206.0,10013.0,01-01-1970
23672.0,15204.0 INR,183835.0,39224.0,01 Jan 1970
24013.0,1411.0,980563.0,33705.0,01 Jan 1970
98655.0,12791.0,453913.0,12651.0,1970/01/01
66218.0,,124069.0,46287.0 INR,01/01/70
53780.0,15622.0,569063.0,11301.0,01 jan 1970
13359.0,16697.0,674555.0,40818.0,1970/01/01
19196.0,16546.0,788801.0,35742.0,1970/01/01
75642.0,4692.0,995017.0,,jan 01 1970
68509.0,15992.0 INR,209015.0,41972.0,Jan 01 1970
80309.0,3983.0,629016.0,13725.0 INR,1970/01/01
36915.0,7527.0,943934.0 INR,12386.0,01/01/70
82608.0,6341.0,535997.0,13365.0,Jan 01 1970
73220.0,13082.0,988954.0,13868.0,Jan 01 1970
88074.0,13947.0,212681.0,45945.0,01-01-1970
40984.0,515.0,208834.0 INR,25313.0,Jan 01 1970
660.0,5563.0 INR,169556.0,46810.0,01/01/70
60783.0,8075.0 INR,714649.0,33749.0,01 Jan 1970
43434.0,17572.0,927942.0,44336.0,01 Jan 1970
20277.0,7699.0,494853.0,46089.0,01/01/70
98268.0,999.0,996959.0,21258.0,01 Jan 1970
63575.0,10317.0,261528.0,37146.0,1970/01/01
,19235.0 INR,730775.0,37019.0,01 Jan 1970
6661.0,18285.0,837394.0,20172.0,01 Jan 1970
2767.0,10372.0,994467.0,10218.0,01 Jan 1970
34287.0,8205.0,200519.0,30394.0,01-01-1970
22614.0 INR,1805.0,838352.0,19090.0,1970/01/01
96885.0,7842.0,756971.0,35917.0,01/01/70
73217.0,6630.0,556694.0,19644.0,1970/01/01
95838.0 INR,6598.0,265777.0,21045.0,1970/01/01
22175.0,6165.0,975972.0 INR,38530.0 INR,01-01-1970
31422.0,15216.0 INR,200331.0,26134.0,
18650.0,4604.0,461848.0,14329.0,01/01/70
61260.0 INR,5149.0,964774.0 INR,34767.0 INR,jan 01 1970
20487.0,17568.0 INR,771366.0,43280.0,01 Jan 1970
56520.0,668.0 INR,975972.0,38530.0,
21140.0,11821.0,871036.0,12313.0,Jan 01 1970
218.0,518.0,353677.0,49909.0,Jan 01 1970
25829.0,1208.0,539659.0,47130.0 INR,Jan 01 1970
68292.0,9910.0,683902.0,20557.0,01 Jan 1970
21791.0,10888.0 INR,168097.0,40299.0,Jan 01 1970
61820.0,6917.0,266924.0,,01 Jan 1970
42283.0 INR,1490.0,890937.0,20568.0,01-01-1970
21009.0,9046.0,912610.0,30575.0,01 Jan 1970
25316.0 INR,3639.0,,20936.0,1970/01/01  
56681.0 INR,9572.0,511911.0,19262.0,Jan 01 1970
78094.0,15211.0,638322.0,14757.0,01-01-1970
61113.0 INR,9024.0,888019.0 INR,47130.0,01-01-1970
12632.0,10107.0,,22736.0 INR,01/01/70
6960.0,10700.0 INR,365503.0,48381.0,01-01-1970
48422.0 INR,8356.0,728207.0,44795.0,01 Jan 1970
97974.0,19380.0,481718.0,15794.0,Jan 01 1970
83478.0,8454.0,488837.0,12930.0,01-01-1970
81134.0,16819.0,114901.0,38147.0 INR,01/01/70
88346.0,11143.0,774885.0,28540.0 INR,01 Jan 1970  
62721.0,11384.0,470985.0,36001.0 INR,01 Jan 1970
39940.0,,968195.0,27201.0,Jan 01 1970
68412.0,4055.0,748634.0,21135.0,1970/01/01
84195.0,13242.0,691018.0,45755.0,01 Jan 1970
23432.0,3712.0 INR,956990.0 INR,21713.0,1970/01/01
12812.0,16479.0,900734.0 INR,43683.0,01-01-1970
7180.0,17431.0,934870.0,10556.0 INR,01 Jan 1970
52737.0,9347.0,855086.0,32828.0,01/01/70
10261.0,19001.0,422969.0,20394.0,Jan 01 1970
76173.0,15509.0,894210.0,48637.0,1970/01/01
87009.0,19088.0,346225.0,39359.0,01 Jan 1970
47967.0,14432.0,318981.0,25040.0,1970/01/01
81736.0,17384.0,114901.0,38147.0,1970/01/01
97451.0,4211.0,832133.0,43864.0,1970/01/01
2676.0,15878.0,816211.0,21823.0,Jan 01 1970
84691.0,5838.0,102188.0,,Jan 01 1970
71218.0,3300.0 INR,365735.0,49330.0,01-01-1970
56836.0,11683.0,906250.0 INR,49337.0,Jan 01 1970
22435.0,16837.0,570726.0,18264.0,Jan 01 1970
1698.0,12510.0,125668.0,19137.0,Jan 01 1970
27011.0,6964.0,554001.0,25274.0,1970/01/01
9212.0,,591852.0 INR,20217.0,01 Jan 1970
81293.0 INR,,984557.0,34036.0,1970/01/01
32640.0,14562.0,499454.0 INR,40986.0,01 Jan 1970
68286.0,13552.0,765030.0,31017.0,01-01-1970
53350.0,17792.0,994101.0,12044.0,1970/01/01
47481.0,,621282.0,14918.0,01-01-1970
,4070.0,244207.0,17930.0,01/01/70
9763.0,9089.0 INR,,35001.0,01-01-1970
75391.0,10466.0,276083.0,25482.0,jan 01 1970
56738.0,,625738.0,45651.0,01 Jan 1970
,1573.0,895304.0,30584.0 INR,Jan 01 1970
86581.0,15404.0,535998.0,16109.0,01 Jan 1970
92102.0,,851872.0 INR,27743.0,Jan 01 1970  
45804.0,2830.0,798130.0,13916.0,01/01/70
18972.0,4265.0,813446.0,47390.0,01 Jan 1970
59974.0,1613.0,,48645.0,01-01-1970
88283.0,5238.0,515494.0,24103.0,Jan 01 1970
7867.0 INR,3303.0,862564.0,41631.0,Jan 01 1970
20262.0,4263.0,950138.0,18423.0,1970/01/01
11742.0 INR,7875.0,730745.0,21753.0 INR,01 Jan 1970
62868.0,2241.0,515614.0,26023.0,01-01-1970
11656.0,2318.0,748634.0,21135.0,01-01-1970
10742.0,11307.0,315093.0,42212.0,Jan 01 1970
12284.0,3858.0,183835.0,39224.0,01 Jan 1970
733.0,145.0 INR,233308.0,31091.0 INR,01 Jan 1970
4125.0,11018.0,391595.0,22418.0,1970/01/01
93629.0,5814.0,964226.0,42136.0,01-01-1970
62296.0,6338.0,319551.0,46600.0,1970/01/01
42801.0,2890.0,211669.0,19697.0,01/01/70
95905.0,887.0,746311.0,17029.0,01-01-1970  
36847.0,8264.0,538959.0,41041.0,01-01-1970
60004.0 INR,19113.0,114901.0,38147.0,01/01/70
70922.0,2364.0,428686.0,43486.0,1970/01/01
36489.0,18477.0 INR,376729.0,49174.0,01 Jan 1970
33753.0,5272.0,398595.0,20675.0,01-01-1970
86112.0,13074.0,934930.0 INR,36426.0 INR,1970/01/01
96385.0,2638.0,601989.0,24032.0,01/01/70
45641.0,19529.0,662277.0,10481.0,Jan 01 1970
17281.0,14026.0,513557.0 INR,24433.0,
97875.0,17754.0,774885.0,28540.0,1970/01/01
88800.0,5425.0,822502.0,28592.0,
97764.0,18632.0,605566.0,41866.0,1970/01/01
55213.0 INR,11567.0,535998.0,16109.0,01/01/70
13321.0,3157.0,825010.0,42091.0,1970/01/01
94671.0,18917.0,768568.0,,01/01/70  
1328.0,12561.0,122508.0,10568.0,01-01-1970
59566.0 INR,15102.0 INR,606877.0,27838.0,Jan 01 1970
1483.0,10477.0,789393.0,29157.0,01-01-1970
57449.0,8238.0,150083.0,14987.0,Jan 01 1970
,4932.0,477629.0,24669.0,1970/01/01
10719.0,16290.0,494206.0,29629.0,01-01-1970
2256.0,185.0,962849.0,23246.0,1970/01/01
94649.0,7844.0 INR,253209.0,18320.0,01 Jan 1970
50678.0,,734868.0,22193.0,Jan 01 1970
33073.0,8703.0 INR,302877.0,30338.0,
35223.0 INR,2791.0 INR,748634.0,,Jan 01 1970
27139.0,15246.0 INR,677047.0 INR,45485.0,Jan 01 1970
18348.0,41.0,673629.0,47236.0,01/01/70
75493.0,7135.0,162571.0,38303.0,01 Jan 1970
89856.0,5967.0,,43592.0,01-01-1970
95109.0,12293.0,315093.0,42212.0,01 Jan 1970
20730.0,9189.0,561929.0,14547.0,jan 01 1970
95256.0,11551.0,635696.0,35455.0,01-01-1970
90888.0 INR,14792.0,373159.0,36307.0,Jan 01 1970
3836.0,3026.0,309340.0,40809.0,Jan 01 1970
40758.0,1123.0,411919.0,12293.0,1970/01/01
56635.0,6798.0,181918.0,49206.0,01-01-1970
73021.0,4747.0,518059.0,38298.0,01/01/70
10303.0,,998803.0,10734.0,1970/01/01
89484.0,1682.0,647013.0,35833.0,
88734.0,17499.0,523158.0,47617.0,01/01/70
74115.0,8683.0,661258.0,45818.0,1970/01/01
11926.0,12143.0,481220.0 INR,,1970/01/01
37383.0,213.0,183835.0 INR,39224.0,01/01/70
42625.0 INR,3438.0,990859.0,35342.0,01-01-1970
55688.0,9158.0,607620.0,49954.0,01 Jan 1970
91697.0,6143.0,556276.0,34711.0,01 Jan 1970
28463.0,7862.0,828326.0,20157.0,Jan 01 1970
42737.0,11820.0,125455.0,46917.0,1970/01/01
,3286.0,,19790.0 INR,1970/01/01
12670.0,,792706.0,38826.0,
24689.0,16919.0,926351.0,36476.0,01-01-1970
4923.0,8282.0,978634.0,38767.0,01 Jan 1970
12631.0,16906.0,619257.0,19460.0,01-01-1970
9813.0,1764.0,932143.0,43063.0 INR,01 Jan 1970
53864.0,18437.0,297637.0,42650.0,01 Jan 1970
1817.0,1763.0,487470.0,28178.0,01 Jan 1970
47438.0,15764.0 INR,358131.0,26920.0,Jan 01 1970
5664.0,253.0,605566.0,41866.0,01 jan 1970
34603.0,4539.0,442945.0 INR,27061.0,1970/01/01
87457.0,18892.0,615338.0 INR,10468.0,01 Jan 1970
80764.0,423.0,314828.0,27866.0,01/01/70
33429.0,7081.0,422969.0,20394.0,01/01/70
91213.0,10836.0,110793.0,18413.0,jan 01 1970
8476.0,4478.0,690660.0,40785.0 INR,01-01-1970
23759.0,14356.0,499987.0,19790.0,01 Jan 1970
49544.0 INR,1504.0,450807.0,19710.0,01/01/70
17965.0,9116.0,264134.0,35611.0,jan 01 1970
88611.0,11951.0,733754.0,37027.0 INR,01-01-1970
31162.0,4948.0,222600.0,31331.0,Jan 01 1970
88929.0,19622.0,208834.0 INR,25313.0,1970/01/01
,19502.0,988327.0,14605.0,01-01-1970
43690.0,14298.0,571452.0,18709.0,Jan 01 1970
88645.0,807.0,556694.0,19644.0,Jan 01 1970
88518.0,9801.0,781765.0,12891.0,
94509.0,11890.0,833968.0,18127.0,01-01-1970
55055.0,10090.0 INR,315093.0,42212.0,01-01-1970
85485.0 INR,2949.0,674606.0,20158.0,01 Jan 1970
62572.0,9489.0,,35917.0,Jan 01 1970
37684.0,10050.0,124647.0,11062.0,1970/01/01
26921.0,5022.0,752300.0,12541.0,01-01-1970
45048.0,6648.0,337298.0 INR,28102.0,1970/01/01
,14940.0,329639.0,25247.0,01 Jan 1970
56133.0,6055.0,907180.0,16422.0,01-01-1970
26205.0,11863.0,535997.0,13365.0,01/01/70
34848.0,5524.0,337298.0,28102.0,01/01/70
29532.0,,825010.0,42091.0 INR,01-01-1970
64165.0,17939.0,761654.0,31685.0,01-01-1970
66374.0,8802.0,649437.0,21684.0 INR,
58340.0,,484611.0,43592.0,01-01-1970
12879.0,19884.0,719774.0,38585.0,01-01-1970
95871.0,4481.0,252607.0,16637.0,01/01/70
60810.0,18714.0,801188.0,46337.0,01 Jan 1970
90282.0,17286.0 INR,318573.0,,1970/01/01
69836.0,11615.0,736017.0,23465.0,01/01/70
91582.0,12514.0,768568.0,17496.0,01-01-1970
78131.0,16387.0,283524.0 INR,10869.0,01-01-1970
25012.0,6573.0,488212.0,33888.0,01 Jan 1970
47354.0,9341.0,275496.0,26809.0,Jan 01 1970
58196.0 INR,6172.0,864472.0,39925.0,01 Jan 1970
46783.0,14364.0 INR,274006.0,10724.0,01-01-1970
48171.0,17176.0,828664.0,40976.0,01-01-1970
87175.0 INR,6676.0,456589.0,48244.0,Jan 01 1970
40512.0,13843.0,755425.0,19506.0,01/01/70
83418.0,7383.0,896665.0,47369.0,01 Jan 1970
53418.0,2173.0,610153.0,42234.0,1970/01/01
37503.0,14908.0,884972.0 INR,18344.0,1970/01/01
84617.0,4499.0,840319.0 INR,41241.0,Jan 01 1970
16399.0,1301.0,736017.0,23465.0,01-01-1970
31993.0,9109.0,110334.0 INR,17302.0,01-01-1970
54037.0,2435.0,967641.0,26180.0,
16118.0,11753.0,739219.0,,01/01/70
50366.0,127.0,835916.0,15283.0,01 Jan 1970
87248.0,7253.0,489843.0,36342.0,1970/01/01
98269.0,6948.0,936587.0,35149.0 INR,Jan 01 1970
10726.0,1914.0,218877.0,39575.0,01 Jan 1970
61562.0,4563.0,929816.0,21323.0,01/01/70
45729.0,17054.0 INR,251535.0,15069.0,
90641.0,16475.0,531268.0,30741.0,jan 01 1970
21507.0,8851.0,837394.0,20172.0 INR,Jan 01 1970
4707.0 INR,10870.0,635696.0,35455.0,01 Jan 1970  
63369.0 INR,11593.0,915197.0,22660.0,Jan 01 1970
77819.0,8436.0,854914.0,35465.0,1970/01/01
90154.0,2543.0,107800.0,20759.0,1970/01/01
59684.0,4611.0,297340.0 INR,22258.0,01/01/70
,10817.0,302877.0 INR,30338.0,1970/01/01
29648.0,8897.0,104236.0,26693.0,01/01/70
65640.0,6384.0,482281.0 INR,13144.0,01-01-1970
70848.0,12476.0,323753.0,25216.0,Jan 01 1970
20642.0,10206.0,331145.0,49561.0,1970/01/01
9644.0,1595.0,813446.0,47390.0,01-01-1970
86035.0,7223.0 INR,638177.0,11357.0,Jan 01 1970
69662.0,14660.0,185714.0,37458.0,Jan 01 1970
50993.0,10163.0,269960.0,49715.0,Jan 01 1970
53157.0,4532.0 INR,212681.0,45945.0,1970/01/01
88265.0,5837.0,907180.0,16422.0,1970/01/01  
88881.0,,755425.0,19506.0 INR,01 Jan 1970
35407.0,8484.0,225497.0,,01-01-1970
31813.0,4838.0,,28644.0 INR,Jan 01 1970
11907.0,9881.0,941214.0 INR,29334.0,01 Jan 1970
98204.0,2917.0 INR,693092.0,47259.0,1970/01/01
88407.0,4155.0,915197.0,22660.0,01-01-1970
73280.0,13874.0,428702.0,45777.0,1970/01/01
5586.0,15488.0,369705.0,20506.0,
3060.0,14622.0,864472.0,39925.0,1970/01/01  
90174.0,10426.0,600044.0,21171.0,01/01/70
38877.0,13167.0,244327.0,31810.0,1970/01/01
31968.0 INR,12799.0,690660.0,40785.0,01-01-1970
95255.0,16626.0,679417.0,41267.0,01/01/70
55170.0,9748.0,713394.0,21039.0,
31631.0,19108.0,765669.0,45617.0,Jan 01 1970
86186.0,2018.0,130217.0,39199.0,01/01/70
85127.0,13264.0,885813.0,26920.0,1970/01/01
86253.0,9288.0,989092.0,43985.0,01-01-1970
18922.0,6529.0,633552.0,,1970/01/01
9496.0 INR,7587.0,792706.0,38826.0,01-01-1970
45355.0,15285.0,550998.0,25408.0,01-01-1970
86622.0,11364.0,557485.0,39184.0,01-01-1970
34077.0,,736108.0,47068.0 INR,01 Jan 1970
91271.0 INR,17655.0,764164.0,45481.0,01/01/70
48669.0,11168.0,176983.0,49308.0,01 Jan 1970
14715.0,2853.0,498494.0,20033.0,01 Jan 1970
48843.0,4608.0,564498.0,11562.0,Jan 01 1970
17089.0,16917.0,798687.0,45913.0 INR,Jan 01 1970
42953.0 INR,7492.0,,33016.0,1970/01/01
32651.0,2284.0,676850.0,11668.0,01-01-1970
43612.0,7539.0,960962.0,24677.0 INR,Jan 01 1970
1542.0,4892.0,295624.0,42611.0,01-01-1970
71236.0,4020.0,368727.0,31920.0,01-01-1970
83896.0,2053.0,195606.0,47436.0,Jan 01 1970
78128.0,3222.0,701195.0,44259.0,01/01/70
50840.0,19730.0,732094.0 INR,42423.0,01/01/70
20235.0,8705.0,318573.0,29908.0,01-01-1970
77429.0,3775.0,140316.0 INR,10604.0,01 Jan 1970
72960.0,11768.0,520017.0,45724.0,Jan 01 1970
79013.0,,339843.0 INR,39141.0 INR,01 Jan 1970
41093.0,4256.0,326533.0,47154.0,01/01/70
269.0,11399.0,714649.0,33749.0,01/01/70
74491.0,18959.0,334488.0,24349.0,01-01-1970
28068.0,19808.0,507923.0,46749.0,01/01/70
47220.0 INR,11323.0,329317.0,44150.0,01 Jan 1970
43045.0,18373.0,745330.0,44477.0,1970/01/01
19014.0,2925.0,481220.0,32138.0,1970/01/01
79786.0,19503.0,183835.0,39224.0,01/01/70
23203.0,5474.0,515494.0,24103.0,Jan 01 1970
47450.0,3942.0,871168.0,25779.0,Jan 01 1970
83052.0 INR,13643.0,695996.0,22753.0 INR,Jan 01 1970
13815.0,5611.0,758623.0,,Jan 01 1970
99192.0,14557.0,114901.0,38147.0,01-01-1970
27734.0,10441.0,353103.0,49558.0,1970/01/01
70881.0 INR,4513.0,351044.0,47094.0,01-01-1970
33782.0,1307.0,375185.0,30910.0,01-01-1970
16004.0,9395.0,749338.0,48645.0,01/01/70
80387.0,19571.0,960962.0,24677.0 INR,Jan 01 1970
45636.0,19945.0,468852.0,45242.0,01-01-1970
85161.0,2033.0,871168.0,,01/01/70  
11055.0,19721.0,162019.0,34454.0,01-01-1970
36868.0,3036.0,917548.0,17593.0,01/01/70
35708.0,11245.0,633506.0,17439.0,1970/01/01
96947.0,15391.0,962816.0,15863.0,Jan 01 1970
,7898.0,297340.0,22258.0,Jan 01 1970
93040.0,13978.0,614290.0,11561.0,1970/01/01
97921.0,18510.0,485999.0,43367.0,1970/01/01
58417.0,4081.0,164612.0,14114.0,1970/01/01
11297.0,,,25528.0,1970/01/01
1891.0,4116.0,934870.0,10556.0,1970/01/01
30323.0 INR,15420.0,776818.0,40576.0,01/01/70
